{
    "Dotnet4.0": {
        "Project.sln": {},
        "Project.csproj": {},
        "Properties": {
            "AssemblyInfo.cs": {}
        },
        "Models": {
            "User.cs": {},
            "LoginForm.cs": {},
            "IdentityModels.cs": {},
            "AccountViewModels.cs": {},
            "ManageViewModels.cs": {}
        },
        "Services": {
            "RememberMeService.cs": {},
            "AccountService.cs": {},
            "UserService.cs": {},
            "LoginService.cs": {}
        },
        "Controllers": {
            "LoginController.cs": {},
            "AccountController.cs": {},
            "HomeController.cs": {},
            "ManageController.cs": {},
            "ExternalLoginController.cs": {},
            "Api": {
                "AccountApiController.cs": {},
                "UserApiController.cs": {},
                "LoginApiController.cs": {},
                "RememberMeApiController.cs": {}
            }
        },
        "Views": {
            "Login": {
                "Login.cshtml": {}
            },
            "Shared": {
                "_Layout.cshtml": {},
                "_ValidationScriptsPartial.cshtml": {},
                "Error.cshtml": {},
                "_LoginPartial.cshtml": {},
                "_ViewStart.cshtml": {}
            },
            "Web.config": {},
            "Account": {
                "Login.cshtml": {},
                "Register.cshtml": {},
                "ForgotPassword.cshtml": {},
                "ResetPassword.cshtml": {}
            },
            "Home": {
                "Index.cshtml": {},
                "About.cshtml": {},
                "Contact.cshtml": {}
            }
        },
        "Content": {
            "Site.css": {},
            "bootstrap.min.css": {},
            "bootstrap-theme.min.css": {},
            "site.css": {}
        },
        "Scripts": {
            "jquery-3.5.1.min.js": {},
            "jquery.validate.min.js": {},
            "jquery.validate.unobtrusive.min.js": {},
            "bootstrap.min.js": {},
            "modernizr-2.8.3.js": {},
            "respond.min.js": {}
        },
        "Web.config": {},
        "Global.asax": {},
        "Global.asax.cs": {},
        "App_Start": {
            "RouteConfig.cs": {},
            "FilterConfig.cs": {},
            "BundleConfig.cs": {},
            "IdentityConfig.cs": {},
            "Startup.Auth.cs": {}
        },
        "Repositories": {
            "UserRepository.cs": {},
            "LoginRepository.cs": {},
            "RememberMeRepository.cs": {},
            "AccountRepository.cs": {}
        },
        "Helpers": {
            "ValidationHelper.cs": {},
            "EncryptionHelper.cs": {},
            "LoggingHelper.cs": {},
            "SessionHelper.cs": {},
            "CookieHelper.cs": {},
            "ConfigHelper.cs": {},
            "EmailHelper.cs": {},
            "UrlHelper.cs": {},
            "HtmlHelper.cs": {},
            "JsonHelper.cs": {},
            "XmlHelper.cs": {},
            "DateTimeHelper.cs": {},
            "StringHelper.cs": {},
            "NumberHelper.cs": {},
            "BooleanHelper.cs": {},
            "ArrayHelper.cs": {},
            "DictionaryHelper.cs": {},
            "ListHelper.cs": {},
            "CollectionHelper.cs": {},
            "EnumerableHelper.cs": {},
            "ReflectionHelper.cs": {},
            "ThreadingHelper.cs": {},
            "TaskHelper.cs": {},
            "AsyncHelper.cs": {},
            "ParallelHelper.cs": {},
            "ExceptionHelper.cs": {},
            "ResourceHelper.cs": {},
            "LocalizationHelper.cs": {},
            "DependencyInjectionHelper.cs": {},
            "ServiceLocatorHelper.cs": {},
            "FactoryHelper.cs": {},
            "BuilderHelper.cs": {},
            "PrototypeHelper.cs": {},
            "SingletonHelper.cs": {},
            "AdapterHelper.cs": {},
            "BridgeHelper.cs": {},
            "CompositeHelper.cs": {},
            "DecoratorHelper.cs": {},
            "FacadeHelper.cs": {},
            "FlyweightHelper.cs": {},
            "ProxyHelper.cs": {},
            "ChainOfResponsibilityHelper.cs": {},
            "CommandHelper.cs": {},
            "InterpreterHelper.cs": {},
            "IteratorHelper.cs": {},
            "MediatorHelper.cs": {},
            "MementoHelper.cs": {},
            "ObserverHelper.cs": {},
            "StateHelper.cs": {},
            "StrategyHelper.cs": {},
            "TemplateMethodHelper.cs": {},
            "VisitorHelper.cs": {}
        }
    }
}